timestamp,user,ip,location,result
2026-01-10T15:42:17.383096,Jerry,192.168.1.11,Canada,success
2026-01-10T15:43:17.383096,Mandy,10.0.0.5,Taiwan,success
2026-01-10T15:44:17.383096,Mandy,10.0.0.5,Taiwan,success
2026-01-10T15:45:17.383096,Ashley,10.0.0.5,Canada,success
2026-01-10T15:46:17.383096,Mandy,192.168.1.10,USA,success
2026-01-10T15:47:17.383096,Ashley,10.0.0.5,Canada,success
2026-01-10T15:48:17.383096,Ashley,192.168.1.10,USA,success
2026-01-10T15:49:17.383096,Ashley,192.168.1.10,USA,success
2026-01-10T15:50:17.383096,Jerry,192.168.1.11,USA,success
2026-01-10T15:51:17.383096,Jerry,192.168.1.11,Canada,success
2026-01-10T15:52:17.383096,Mandy,192.168.1.10,Taiwan,success
2026-01-10T15:53:17.383096,Jerry,192.168.1.10,Taiwan,success
2026-01-10T15:54:17.383096,Jerry,192.168.1.11,Canada,success
2026-01-10T15:55:17.383096,Mandy,192.168.1.11,USA,success
2026-01-10T15:56:17.383096,Mandy,10.0.0.5,Taiwan,success
2026-01-10T15:57:17.383096,Mandy,192.168.1.11,USA,success
2026-01-10T15:58:17.383096,Ashley,192.168.1.10,Taiwan,success
2026-01-10T15:59:17.383096,Ashley,192.168.1.10,Canada,success
2026-01-10T16:00:17.383096,Jerry,10.0.0.5,Canada,success
2026-01-10T16:01:17.383096,Jerry,10.0.0.5,USA,success
2026-01-10T16:12:17.383096,Daniel,203.0.113.50,Japan,failure
2026-01-10T16:13:17.383096,Daniel,203.0.113.50,Japan,failure
2026-01-10T16:14:17.383096,Daniel,203.0.113.50,Japan,failure
2026-01-10T16:15:17.383096,Daniel,203.0.113.50,Japan,failure
2026-01-10T16:16:17.383096,Daniel,203.0.113.50,Japan,failure
2026-01-10T16:17:17.383096,Daniel,203.0.113.50,Japan,failure
2026-01-10T16:18:17.383096,Daniel,203.0.113.50,Japan,failure
2026-01-10T16:19:17.383096,Daniel,203.0.113.50,Japan,failure
2026-01-10T16:20:17.383096,Daniel,203.0.113.50,Japan,failure
2026-01-10T16:21:17.383096,Daniel,203.0.113.50,Japan,failure
